id,generated
0000aaaa,0.36828765
1111bbbb,0.36828765
2222cccc,0.36828765
